{"location_type": {"Rural": 0, "Urban": 1}, "cellphone_access": {"No": 0, "Yes": 1}, "gender_of_respondent": {"Female": 0, "Male": 1}, "education_level": {"Primary education": 0.12076140873015873, "Secondary education": 0.3274155474155474, "No formal education": 0.06062428407789232, "Tertiary education": 0.6965021645021645, "Vocational/Specialised training": 0.7379520697167756, "Other/Dont know/RTA": 0.0, "default": 0.2}, "job_type": {"Self employed": 0.1900074794315632, "Informally employed": 0.11212315545983886, "Farming and Fishing": 0.16784103860066396, "Remittance Dependent": 0.11688060731538989, "Other Income": 0.24674794877693426, "Formally employed Private": 0.756955722639933, "No Income": 0.0336031746031746, "Formally employed Government": 1.1399557966646574, "Government Dependent": 0.21679467485919096, "Dont Know/Refuse to answer": 0.18329004329004323, "default": 0.19999999999999996}}